raw,station_code,station_name,division
"35301 Abbeyfeale, Limerick Division",35301,Abbeyfeale,Limerick
"41201 Abbeyleix, Laois/Offaly Division",41201,Abbeyleix,Laois/Offaly
"35302 Adare, Limerick Division",35302,Adare,Limerick
"54101 Aglish, Waterford Division",54101,Aglish,Waterford
"23101 Ahascragh, Galway Division",23101,Ahascragh,Galway
"12501 Ailt an Chorraiin, Donegal Division",12501,Ailt an Chorraiin,Donegal
"12502 An Bun Beag, Donegal Division",12502,An Bun Beag,Donegal
"12503 An Charraig, Donegal Division",12503,An Charraig,Donegal
"23601 An Cheathru Rua, Galway Division",23601,An Cheathru Rua,Galway
"12504 An Clochain Liath, Donegal Division",12504,An Clochain Liath,Donegal
"34101 An Coirean, Kerry Division",34101,An Coirean,Kerry
"12401 An Craoslach, Donegal Division",12401,An Craoslach,Donegal
"12402 An Fail Carrach, Donegal Division",12402,An Fail Carrach,Donegal
"23201 An Maim, Galway Division",23201,An Maim,Galway
"54102 An Rinn, Waterford Division",54102,An Rinn,Waterford
"23602 An Spideal, Galway Division",23602,An Spideal,Galway
"31101 Anglesea Street, Cork City Division",31101,Anglesea Street,Cork City
"34303 Annascaul, Kerry Division",34303,Annascaul,Kerry
"23301 Aran More, Galway Division",23301,Aran More,Galway
"12507 Ard an Raitha, Donegal Division",12507,Ard an Raitha,Donegal
"14101 Ardee, Louth Division",14101,Ardee,Louth
"34304 Ardfert, Kerry Division",34304,Ardfert,Kerry
"51101 Ardfinnan, Tipperary Division",51101,Ardfinnan,Tipperary
"54103 Ardmore, Waterford Division",54103,Ardmore,Waterford
"35201 Ardnacrusha, Limerick Division",35201,Ardnacrusha,Limerick
"23401 Ardrahan, Galway Division",23401,Ardrahan,Galway
"43301 Arklow, Wicklow Division",43301,Arklow,Wicklow
"41202 Arles, Laois/Offaly Division",41202,Arles,Laois/Offaly
"11401 Arva, Cavan/Monaghan Division",11401,Arva,Cavan/Monaghan
"42101 Ashbourne, Meath Division",42101,Ashbourne,Meath
"43302 Ashford, Wicklow Division",43302,Ashford,Wicklow
"35303 Askeaton, Limerick Division",35303,Askeaton,Limerick
"35304 Athea, Limerick Division",35304,Athea,Limerick
"23302 Athenry, Galway Division",23302,Athenry,Galway
"24501 Athleague, Roscommon/Longford Division",24501,Athleague,Roscommon/Longford
"44101 Athlone, Westmeath Division",44101,Athlone,Westmeath
"45101 Athy, Kildare Division",45101,Athy,Kildare
"43303 Aughrim, Wicklow Division",43303,Aughrim,Wicklow
"43304 Avoca, Wicklow Division",43304,Avoca,Wicklow
"42201 Baile Atha Bui, Meath Division",42201,Baile Atha Bui,Meath
"34305 Baile an Fheirtéaraigh, Kerry Division",34305,Baile an Fheirtéaraigh,Kerry
"33502 Baile Bhuirne, Cork West Division",33502,Baile Bhuirne,Cork West
"11101 Bailieboro, Cavan/Monaghan Division",11101,Bailieboro,Cavan/Monaghan
"63101 Balbriggan, D.M.R. Northern Division",63101,Balbriggan,D.M.R. Northern
"22301 Balla, Mayo Division",22301,Balla,Mayo
"24201 Ballaghderreen, Roscommon/Longford Division",24201,Ballaghderreen,Roscommon/Longford
"22201 Ballina, Mayo Division",22201,Ballina,Mayo
"11402 Ballinagh, Cavan/Monaghan Division",11402,Ballinagh,Cavan/Monaghan
"13201 Ballinamore, Sligo/Leitrim Division",13201,Ballinamore,Sligo/Leitrim
"23102 Ballinasloe, Galway Division",23102,Ballinasloe,Galway
"31201 Ballincollig, Cork City Division",31201,Ballincollig,Cork City
"22401 Ballindine, Mayo Division",22401,Ballindine,Mayo
"33101 Ballineen, Cork West Division",33101,Ballineen,Cork West
"51302 Ballingarry North, Tipperary Division",51302,Ballingarry North,Tipperary
"51501 Ballingarry South, Tipperary Division",51501,Ballingarry South,Tipperary
"35305 Ballingarry, Limerick Division",35305,Ballingarry,Limerick
"33102 Ballinhassig, Cork West Division",33102,Ballinhassig,Cork West
"24202 Ballinlough, Roscommon/Longford Division",24202,Ballinlough,Roscommon/Longford
"22402 Ballinrobe, Mayo Division",22402,Ballinrobe,Mayo
"12101 Ballintra, Donegal Division",12101,Ballintra,Donegal
"42401 Ballivor, Meath Division",42401,Ballivor,Meath
"53101 Ballon, Kilkenny/Carlow Division",53101,Ballon,Kilkenny/Carlow
"11301 Ballybay, Cavan/Monaghan Division",11301,Ballybay,Cavan/Monaghan
"12301 Ballybofey, Donegal Division",12301,Ballybofey,Donegal
"34201 Ballybunion, Kerry Division",34201,Ballybunion,Kerry
"11201 Ballyconnell, Cavan/Monaghan Division",11201,Ballyconnell,Cavan/Monaghan
"32401 Ballycotton, Cork North Division",32401,Ballycotton,Cork North
"22102 Ballycroy, Mayo Division",22102,Ballycroy,Mayo
"52301 Ballycullane, Wexford Division",52301,Ballycullane,Wexford
"33202 Ballydehob, Cork West Division",33202,Ballydehob,Cork West
"33401 Ballydesmond, Cork West Division",33401,Ballydesmond,Cork West
"34202 Ballyduff, Co. Kerry, Kerry Division",34202,Ballyduff,"Co. Kerry, Kerry"
"66201 Ballyfermot, D.M.R. Western Division",66201,Ballyfermot,D.M.R. Western
"23103 Ballygar, Galway Division",23103,Ballygar,Galway
"53301 Ballyhale, Kilkenny/Carlow Division",53301,Ballyhale,Kilkenny/Carlow
"22501 Ballyhaunis, Mayo Division",22501,Ballyhaunis,Mayo
"34203 Ballyheigue, Kerry Division",34203,Ballyheigue,Kerry
"11102 Ballyjamesduff, Cavan/Monaghan Division",11102,Ballyjamesduff,Cavan/Monaghan
"35101 Ballylanders, Limerick Division",35101,Ballylanders,Limerick
"41205 Ballylinan, Laois/Offaly Division",41205,Ballylinan,Laois/Offaly
"54105 Ballymacarberry, Waterford Division",54105,Ballymacarberry,Waterford
"24407 Ballymahon, Roscommon/Longford Division",24407,Ballymahon,Roscommon/Longford
"44103 Ballymore, Westmeath Division",44103,Ballymore,Westmeath
"13103 Ballymote, Sligo/Leitrim Division",13103,Ballymote,Sligo/Leitrim
"63201 Ballymun, D.M.R. Northern Division",63201,Ballymun,D.M.R. Northern
"44201 Ballynacargy, Westmeath Division",44201,Ballynacargy,Westmeath
"35401 Ballyneety, Limerick Division",35401,Ballyneety,Limerick
"32201 Ballynoe, Cork North Division",32201,Ballynoe,Cork North
"51102 Ballyporeen, Tipperary Division",51102,Ballyporeen,Tipperary
"12102 Ballyshannon, Donegal Division",12102,Ballyshannon,Donegal
"21201 Ballyvaughan, Clare Division",21201,Ballyvaughan,Clare
"33302 Baltimore, Cork West Division",33302,Baltimore,Cork West
"43101 Baltinglass, Wicklow Division",43101,Baltinglass,Wicklow
"41101 Banagher, Laois/Offaly Division",41101,Banagher,Laois/Offaly
"33105 Bandon, Cork West Division",33105,Bandon,Cork West
"22103 Bangor Erris, Mayo Division",22103,Bangor Erris,Mayo
"51601 Bansha, Tipperary Division",51601,Bansha,Tipperary
"33203 Bantry, Cork West Division",33203,Bantry,Cork West
"23802 Barnaderg, Galway Division",23802,Barnaderg,Galway
"34102 Barraduff, Kerry Division",34102,Barraduff,Kerry
"33501 Béal atha an Ghaorthaidh, Cork West Division",33501,Béal atha an Ghaorthaidh,Cork West
"22104 Béal an Mhuirthead, Mayo Division",22104,Béal an Mhuirthead,Mayo
"11203 Belturbet, Cavan/Monaghan Division",11203,Belturbet,Cavan/Monaghan
"53302 Bennettsbridge, Kilkenny/Carlow Division",53302,Bennettsbridge,Kilkenny/Carlow
"41102 Birr, Laois/Offaly Division",41102,Birr,Laois/Offaly
"31401 Bishopstown, Cork City Division",31401,Bishopstown,Cork City
"11204 Blacklion, Cavan/Monaghan Division",11204,Blacklion,Cavan/Monaghan
"31104 Blackrock, Co Cork, Cork City Division",31104,Blackrock,"Co Cork, Cork City"
"65101 Blackrock, Co Dublin, D.M.R. Eastern Division",65101,Blackrock,"Co Dublin, D.M.R. Eastern"
"14301 Blackrock, Co Louth, Louth Division",14301,Blackrock,"Co Louth, Louth"
"52101 Blackwater, Wexford Division",52101,Blackwater,Wexford
"66101 Blanchardstown, D.M.R. Western Division",66101,Blanchardstown,D.M.R. Western
"31202 Blarney, Cork City Division",31202,Blarney,Cork City
"43102 Blessington, Wicklow Division",43102,Blessington,Wicklow
"33402 Boherbue, Cork West Division",33402,Boherbue,Cork West
"22203 Bonniconlon, Mayo Division",22203,Bonniconlon,Mayo
"53102 Borris, Kilkenny/Carlow Division",53102,Borris,Kilkenny/Carlow
"41206 Borris-In-Ossory, Laois/Offaly Division",41206,Borris-In-Ossory,Laois/Offaly
"51303 Borrisokane, Tipperary Division",51303,Borrisokane,Tipperary
"51401 Borrisoleigh, Tipperary Division",51401,Borrisoleigh,Tipperary
"23603 Bothar Na Tra, Galway Division",23603,Bothar Na Tra,Galway
"24101 Boyle, Roscommon/Longford Division",24101,Boyle,Roscommon/Longford
"43201 Bray, Wicklow Division",43201,Bray,Wicklow
"31105 Bridewell Cork, Cork City Division",31105,Bridewell Cork,Cork City
"62101 Bridewell Dublin, D.M.R. North Central Division",62101,Bridewell Dublin,D.M.R. North Central
"35102 Bruff, Limerick Division",35102,Bruff,Limerick
"35103 Bruree, Limerick Division",35103,Bruree,Limerick
"52201 Bunclody, Wexford Division",52201,Bunclody,Wexford
"12201 Buncrana, Donegal Division",12201,Buncrana,Donegal
"12103 Bundoran, Donegal Division",12103,Bundoran,Donegal
"12202 Burnfoot, Donegal Division",12202,Burnfoot,Donegal
"32301 Buttevant, Cork North Division",32301,Buttevant,Cork North
"65201 Cabinteely, D.M.R. Eastern Division",65201,Cabinteely,D.M.R. Eastern
"66102 Cabra, D.M.R. Western Division",66102,Cabra,D.M.R. Western
"34104 Caherciveen, Kerry Division",34104,Caherciveen,Kerry
"35402 Caherconlish, Limerick Division",35402,Caherconlish,Limerick
"51103 Cahir, Tipperary Division",51103,Cahir,Tipperary
"53202 Callan, Kilkenny/Carlow Division",53202,Callan,Kilkenny/Carlow
"52303 Campile, Wexford Division",52303,Campile,Wexford
"35104 Cappamore, Limerick Division",35104,Cappamore,Limerick
"51602 Cappawhite, Tipperary Division",51602,Cappawhite,Tipperary
"54106 Cappoquin, Waterford Division",54106,Cappoquin,Waterford
"45201 Carbury, Kildare Division",45201,Carbury,Kildare
"14302 Carlingford, Louth Division",14302,Carlingford,Louth
"53103 Carlow, Kilkenny/Carlow Division",53103,Carlow,Kilkenny/Carlow
"23202 Carna, Galway Division",23202,Carna,Galway
"12203 Carndonagh, Donegal Division",12203,Carndonagh,Donegal
"43103 Carnew, Wicklow Division",43103,Carnew,Wicklow
"12403 Carraig Airt, Donegal Division",12403,Carraig Airt,Donegal
"52304 Carrickbyrne, Wexford Division",52304,Carrickbyrne,Wexford
"11302 Carrickmacross, Cavan/Monaghan Division",11302,Carrickmacross,Cavan/Monaghan
"52305 Carrick-on-Bannow, Wexford Division",52305,Carrick-on-Bannow,Wexford
"13202 Carrick-On-Shannon, Sligo/Leitrim Division",13202,Carrick-On-Shannon,Sligo/Leitrim
"51201 Carrick-On-Suir, Tipperary Division",51201,Carrick-On-Suir,Tipperary
"512015 Carrig na Bhfear, Cork City Division",51201,5 Carrig na Bhfear,Cork City
"31402 Carrigaline, Cork City Division",31402,Carrigaline,Cork City
"13203 Carrigallen, Sligo/Leitrim Division",13203,Carrigallen,Sligo/Leitrim
"12302 Carrigans, Donegal Division",12302,Carrigans,Donegal
"32102 Carrigtwohill, Cork North Division",32102,Carrigtwohill,Cork North
"51104 Cashel, Tipperary Division",51104,Cashel,Tipperary
"22304 Castlebar, Mayo Division",22304,Castlebar,Mayo
"14102 Castlebellingham, Louth Division",14102,Castlebellingham,Louth
"11303 Castleblayney, Cavan/Monaghan Division",11303,Castleblayney,Cavan/Monaghan
"52402 Castlebridge, Wexford Division",52402,Castlebridge,Wexford
"53203 Castlecomer, Kilkenny/Carlow Division",53203,Castlecomer,Kilkenny/Carlow
"35202 Castleconnell, Limerick Division",35202,Castleconnell,Limerick
"45103 Castledermot, Kildare Division",45103,Castledermot,Kildare
"12303 Castlefin, Donegal Division",12303,Castlefin,Donegal
"34307 Castlegregory, Kerry Division",34307,Castlegregory,Kerry
"34308 Castleisland, Kerry Division",34308,Castleisland,Kerry
"34309 Castlemaine, Kerry Division",34309,Castlemaine,Kerry
"44202 Castlepollard, Westmeath Division",44202,Castlepollard,Westmeath
"24204 Castlerea, Roscommon/Longford Division",24204,Castlerea,Roscommon/Longford
"33204 Castletownbere, Cork West Division",33204,Castletownbere,Cork West
"32202 Castletownroche, Cork North Division",32202,Castletownroche,Cork North
"11403 Cavan, Cavan/Monaghan Division",11403,Cavan,Cavan/Monaghan
"45202 Celbridge, Kildare Division",45202,Celbridge,Kildare
"22502 Charlestown, Mayo Division",22502,Charlestown,Mayo
"32302 Charleville, Cork North Division",32302,Charleville,Cork North
"23604 Cill Ronain, Galway Division",23604,Cill Ronain,Galway
"45302 Clane, Kildare Division",45302,Clane,Kildare
"41301 Clara, Laois/Offaly Division",41301,Clara,Laois/Offaly
"22403 Claremorris, Mayo Division",22403,Claremorris,Mayo
"23203 Clifden, Galway Division",23203,Clifden,Galway
"23204 Cloch na Ron, Galway Division",23204,Cloch na Ron,Galway
"41103 Cloghan, Co. Offaly, Laois/Offaly Division",41103,Cloghan,"Co. Offaly, Laois/Offaly"
"51105 Clogheen, Co. Tipperary, Tipperary Division",51105,Clogheen,"Co. Tipperary, Tipperary"
"12508 Clogher, Donegal Division",12508,Clogher,Donegal
"14201 Clogherhead, Louth Division",14201,Clogherhead,Louth
"33304 Clonakilty, Cork West Division",33304,Clonakilty,Cork West
"24503 Clonark, Roscommon/Longford Division",24503,Clonark,Roscommon/Longford
"41207 Clonaslee, Laois/Offaly Division",41207,Clonaslee,Laois/Offaly
"41302 Clonbologue, Laois/Offaly Division",41302,Clonbologue,Laois/Offaly
"66202 Clondalkin, D.M.R. Western Division",66202,Clondalkin,D.M.R. Western
"11501 Clones, Cavan/Monaghan Division",11501,Clones,Cavan/Monaghan
"12204 Clonmany, Donegal Division",12204,Clonmany,Donegal
"51202 Clonmel, Tipperary Division",51202,Clonmel,Tipperary
"52102 Clonroche, Wexford Division",52102,Clonroche,Wexford
"63401 Clontarf, D.M.R. Northern Division",63401,Clontarf,D.M.R. Northern
"51304 Cloughjordan, Tipperary Division",51304,Cloughjordan,Tipperary
"32402 Cloyne, Cork North Division",32402,Cloyne,Cork North
"33503 Coachford, Cork West Division",33503,Coachford,Cork West
"32103 Cobh, Cork North Division",32103,Cobh,Cork North
"14103 Collon, Louth Division",14103,Collon,Louth
"13302 Collooney, Sligo/Leitrim Division",13302,Collooney,Sligo/Leitrim
"22404 Cong, Mayo Division",22404,Cong,Mayo
"12304 Convoy, Donegal Division",12304,Convoy,Donegal
"13303 Coolaney, Sligo/Leitrim Division",13303,Coolaney,Sligo/Leitrim
"63301 Coolock, D.M.R. Northern Division",63301,Coolock,D.M.R. Northern
"11103 Cootehill, Cavan/Monaghan Division",11103,Cootehill,Cavan/Monaghan
"21203 Corofin Co. Clare, Clare Division",21203,Corofin Co. Clare,Clare
"23803 Corofin Co. Galway, Galway Division",23803,Corofin Co. Galway,Galway
"52202 Courtown Harbour, Wexford Division",52202,Courtown Harbour,Wexford
"23402 Craughwell, Galway Division",23402,Craughwell,Galway
"23104 Creggs, Galway Division",23104,Creggs,Galway
"33504 Crookstown, Cork West Division",33504,Crookstown,Cork West
"35307 Croom, Limerick Division",35307,Croom,Limerick
"31403 Crosshaven, Cork City Division",31403,Crosshaven,Cork City
"22204 Crossmolina, Mayo Division",22204,Crossmolina,Mayo
"64101 Crumlin, D.M.R. Southern Division",64101,Crumlin,D.M.R. Southern
"21101 Crusheen, Clare Division",21101,Crusheen,Clare
"41303 Daingean, Laois/Offaly Division",41303,Daingean,Laois/Offaly
"44204 Delvin, Westmeath Division",44204,Delvin,Westmeath
"34310 Dingle, Kerry Division",34310,Dingle,Kerry
"51305 Dolla, Tipperary Division",51305,Dolla,Tipperary
"12104 Donegal Town, Donegal Division",12104,Donegal Town,Donegal
"32303 Doneraile, Cork North Division",32303,Doneraile,Cork North
"61101 Donnybrook, D.M.R. South Central Division",61101,Donnybrook,D.M.R. South Central
"31404 Douglas, Cork City Division",31404,Douglas,Cork City
"11205 Dowra, Cavan/Monaghan Division",11205,Dowra,Cavan/Monaghan
"33205 Drimoleague, Cork West Division",33205,Drimoleague,Cork West
"33305 Drinagh, Cork West Division",33305,Drinagh,Cork West
"14202 Drogheda, Louth Division",14202,Drogheda,Louth
"14303 Drumad, Louth Division",14303,Drumad,Louth
"35308 Drumcollogher, Limerick Division",35308,Drumcollogher,Limerick
"24303 Drumlish, Roscommon/Longford Division",24303,Drumlish,Roscommon/Longford
"13206 Drumshambo, Sligo/Leitrim Division",13206,Drumshambo,Sligo/Leitrim
"63202 Dublin Airport, D.M.R. Northern Division",63202,Dublin Airport,D.M.R. Northern
"42102 Duleek, Meath Division",42102,Duleek,Meath
"12404 Dun Fionnachaid, Donegal Division",12404,Dun Fionnachaid,Donegal
"65203 Dun Laoghaire, D.M.R. Eastern Division",65203,Dun Laoghaire,D.M.R. Eastern
"42103 Dunboyne, Meath Division",42103,Dunboyne,Meath
"52306 Duncannon, Wexford Division",52306,Duncannon,Wexford
"14304 Dundalk, Louth Division",14304,Dundalk,Louth
"65102 Dundrum, D.M.R. Eastern Division",65102,Dundrum,D.M.R. Eastern
"54107 Dungarvan, Waterford Division",54107,Dungarvan,Waterford
"43105 Dunlavin, Wicklow Division",43105,Dunlavin,Wicklow
"14203 Dunleer, Louth Division",14203,Dunleer,Louth
"33306 Dunmanway, Cork West Division",33306,Dunmanway,Cork West
"54301 Dunmore East, Waterford Division",54301,Dunmore East,Waterford
"23804 Dunmore, Galway Division",23804,Dunmore,Galway
"42104 Dunshaughlin, Meath Division",42104,Dunshaughlin,Meath
"41208 Durrow, Laois/Offaly Division",41208,Durrow,Laois/Offaly
"33206 Durrus, Cork West Division",33206,Durrus,Cork West
"41304 Edenderry, Laois/Offaly Division",41304,Edenderry,Laois/Offaly
"24304 Edgeworthstown, Roscommon/Longford Division",24304,Edgeworthstown,Roscommon/Longford
"24103 Elphin, Roscommon/Longford Division",24103,Elphin,Roscommon/Longford
"51604 Emly, Tipperary Division",51604,Emly,Tipperary
"11503 Emyvale, Cavan/Monaghan Division",11503,Emyvale,Cavan/Monaghan
"42402 Enfield, Meath Division",42402,Enfield,Meath
"21102 Ennis, Clare Division",21102,Ennis,Clare
"52103 Enniscorthy, Wexford Division",52103,Enniscorthy,Wexford
"13106 Enniscrone, Sligo/Leitrim Division",13106,Enniscrone,Sligo/Leitrim
"43202 Enniskerry, Wicklow Division",43202,Enniskerry,Wicklow
"21205 Ennistymon, Clare Division",21205,Ennistymon,Clare
"23501 Eyrecourt, Galway Division",23501,Eyrecourt,Galway
"34311 Farranfore, Kerry Division",34311,Farranfore,Kerry
"41104 Ferbane, Laois/Offaly Division",41104,Ferbane,Laois/Offaly
"32203 Fermoy, Cork North Division",32203,Fermoy,Cork North
"52104 Ferns, Wexford Division",52104,Ferns,Wexford
"54302 Ferrybank, Waterford Division",54302,Ferrybank,Waterford
"51203 Fethard, Tipperary Division",51203,Fethard,Tipperary
"66103 Finglas, D.M.R. Western Division",66103,Finglas,D.M.R. Western
"62202 Fitzgibbon Street, D.M.R. North Central Division",62202,Fitzgibbon Street,D.M.R. North Central
"22503 Foxford, Mayo Division",22503,Foxford,Mayo
"35309 Foynes, Limerick Division",35309,Foynes,Limerick
"24205 Frenchpark, Roscommon/Longford Division",24205,Frenchpark,Roscommon/Longford
"53204 Freshford, Kilkenny/Carlow Division",53204,Freshford,Kilkenny/Carlow
"23304 Gaillimh, Galway Division",23304,Gaillimh,Galway
"63102 Garristown, D.M.R. Northern Division",63102,Garristown,D.M.R. Northern
"32104 Glanmire, Cork City Division",32104,Glanmire,Cork City
"32304 Glantaine, Cork North Division",32304,Glantaine,Cork North
"42407 Glasson, Westmeath Division",42407,Glasson,Westmeath
"22106 Gleann na Muaidhe, Mayo Division",22106,Gleann na Muaidhe,Mayo
"23805 Glenamaddy, Galway Division",23805,Glenamaddy,Galway
"34105 Glenbeigh, Kerry Division",34105,Glenbeigh,Kerry
"33207 Glengarriff, Cork West Division",33207,Glengarriff,Cork West
"53303 Glenmore, Kilkenny/Carlow Division",53303,Glenmore,Kilkenny/Carlow
"35310 Glin, Limerick Division",35310,Glin,Limerick
"52403 Glynn, Wexford Division",52403,Glynn,Wexford
"22601 Gob an Choire, Mayo Division",22601,Gob an Choire,Mayo
"51605 Golden, Tipperary Division",51605,Golden,Tipperary
"53304 Goresbridge, Kilkenny/Carlow Division",53304,Goresbridge,Kilkenny/Carlow
"52203 Gorey, Wexford Division",52203,Gorey,Wexford
"23403 Gort, Galway Division",23403,Gort,Galway
"53305 Graiguenamanagh, Kilkenny/Carlow Division",53305,Graiguenamanagh,Kilkenny/Carlow
"24305 Granard, Roscommon/Longford Division",24305,Granard,Roscommon/Longford
"13304 Grange, Sligo/Leitrim Division",13304,Grange,Sligo/Leitrim
"43203 Greystones, Wicklow Division",43203,Greystones,Wicklow
"31203 Gurranabraher, Cork City Division",31203,Gurranabraher,Cork City
"13107 Gurteen, Sligo/Leitrim Division",13107,Gurteen,Sligo/Leitrim
"14305 Hackballscross, Louth Division",14305,Hackballscross,Louth
"53104 Hacketstown, Kilkenny/Carlow Division",53104,Hacketstown,Kilkenny/Carlow
"23806 Headford, Galway Division",23806,Headford,Galway
"35203 Henry Street, Limerick Division",35203,Henry Street,Limerick
"51503 Holycross, Tipperary Division",51503,Holycross,Tipperary
"35107 Hospital Co Limerick, Limerick Division",35107,Hospital Co Limerick,Limerick
"63402 Howth, D.M.R. Northern Division",63402,Howth,D.M.R. Northern
"23605 Indreabhain, Galway Division",23605,Indreabhain,Galway
"33106 Innishannon, Cork West Division",33106,Innishannon,Cork West
"61102 Irishtown, D.M.R. South Central Division",61102,Irishtown,D.M.R. South Central
"33403 Kanturk, Cork North Division",33403,Kanturk,Cork North
"24104 Keadue, Roscommon/Longford Division",24104,Keadue,Roscommon/Longford
"33209 Kealkil, Cork West Division",33209,Kealkil,Cork West
"22602 Keel, Mayo Division",22602,Keel,Mayo
"42203 Kells Ceanannus Mor, Meath Division",42203,Kells Ceanannus Mor,Meath
"24401 Kenagh, Roscommon/Longford Division",24401,Kenagh,Roscommon/Longford
"34106 Kenmare, Kerry Division",34106,Kenmare,Kerry
"12405 Kerrykeel, Donegal Division",12405,Kerrykeel,Donegal
"61301 Kevin Street, D.M.R. South Central Division",61301,Kevin Street,D.M.R. South Central
"44105 Kilbeggan, Westmeath Division",44105,Kilbeggan,Westmeath
"33107 Kilbrittain, Cork West Division",33107,Kilbrittain,Cork West
"45203 Kilcock, Kildare Division",45203,Kilcock,Kildare
"23105 Kilconnell, Galway Division",23105,Kilconnell,Galway
"41105 Kilcormac, Laois/Offaly Division",41105,Kilcormac,Laois/Offaly
"45303 Kilcullen, Kildare Division",45303,Kilcullen,Kildare
"45104 Kildare, Kildare Division",45104,Kildare,Kildare
"32204 Kildorrery, Cork North Division",32204,Kildorrery,Cork North
"21206 Kildysart, Clare Division",21206,Kildysart,Clare
"21207 Kilkee, Clare Division",21207,Kilkee,Clare
"22504 Kilkelly, Mayo Division",22504,Kilkelly,Mayo
"53206 Kilkenny, Kilkenny/Carlow Division",53206,Kilkenny,Kilkenny/Carlow
"54201 Kill, Co Waterford, Waterford Division",54201,Kill,"Co Waterford, Waterford"
"22205 Killala, Mayo Division",22205,Killala,Mayo
"21104 Killaloe, Clare Division",21104,Killaloe,Clare
"34108 Killarney, Kerry Division",34108,Killarney,Kerry
"32403 Killeagh, Cork North Division",32403,Killeagh,Cork North
"51504 Killenaule, Tipperary Division",51504,Killenaule,Tipperary
"11206 Killeshandra, Cavan/Monaghan Division",11206,Killeshandra,Cavan/Monaghan
"23502 Killimor, Galway Division",23502,Killimor,Galway
"34109 Killorglin, Kerry Division",34109,Killorglin,Kerry
"44206 Killucan, Westmeath Division",44206,Killucan,Westmeath
"53307 Kilmacow, Kilkenny/Carlow Division",53307,Kilmacow,Kilkenny/Carlow
"12406 Kilmacrennan, Donegal Division",12406,Kilmacrennan,Donegal
"54202 Kilmacthomas, Waterford Division",54202,Kilmacthomas,Waterford
"22406 Kilmaine, Mayo Division",22406,Kilmaine,Mayo
"61302 Kilmainham, D.M.R. South Central Division",61302,Kilmainham,D.M.R. South Central
"35109 Kilmallock, Limerick Division",35109,Kilmallock,Limerick
"54203 Kilmeaden, Waterford Division",54203,Kilmeaden,Waterford
"53308 Kilmoganny, Kilkenny/Carlow Division",53308,Kilmoganny,Kilkenny/Carlow
"52404 Kilmore Quay, Wexford Division",52404,Kilmore Quay,Wexford
"11404 Kilnaleck, Cavan/Monaghan Division",11404,Kilnaleck,Cavan/Monaghan
"23503 Kilrickle, Galway Division",23503,Kilrickle,Galway
"21208 Kilmihil , Clare Division",21208,Kilmihil,Clare
"21209 Kilrush, Clare Division",21209,Kilrush,Clare
"51205 Kilsheelan, Tipperary Division",51205,Kilsheelan,Tipperary
"22505 Kiltimagh, Mayo Division",22505,Kiltimagh,Mayo
"23106 Kiltormer, Galway Division",23106,Kiltormer,Galway
"32205 Kilworth, Cork North Division",32205,Kilworth,Cork North
"11104 Kingscourt, Cavan/Monaghan Division",11104,Kingscourt,Cavan/Monaghan
"13208 Kinlough, Sligo/Leitrim Division",13208,Kinlough,Sligo/Leitrim
"44207 Kinnegad, Westmeath Division",44207,Kinnegad,Westmeath
"41106 Kinnitty, Laois/Offaly Division",41106,Kinnitty,Laois/Offaly
"33108 Kinsale, Cork West Division",33108,Kinsale,Cork West
"23406 Kinvara, Galway Division",23406,Kinvara,Galway
"22407 Knock, Mayo Division",22407,Knock,Mayo
"34206 Knocknagoshel, Kerry Division",34206,Knocknagoshel,Kerry
"24402 Lanesboro, Roscommon/Longford Division",24402,Lanesboro,Roscommon/Longford
"42105 Laytown, Meath Division",42105,Laytown,Meath
"23306 Leach Seoirse, Galway Division",23306,Leach Seoirse,Galway
"54204 Leamybrien, Waterford Division",54204,Leamybrien,Waterford
"23606 Leitir Mor, Galway Division",23606,Leitir Mor,Galway
"45204 Leixlip, Kildare Division",45204,Leixlip,Kildare
"23206 Letterfrack, Galway Division",23206,Letterfrack,Galway
"12305 Letterkenny, Donegal Division",12305,Letterkenny,Donegal
"12306 Lifford, Donegal Division",12306,Lifford,Donegal
"32305 Liscarroll, Cork North Division",32305,Liscarroll,Cork North
"21211 Lisdoonvarna, Clare Division",21211,Lisdoonvarna,Clare
"54108 Lismore, Waterford Division",54108,Lismore,Waterford
"34207 Listowel, Kerry Division",34207,Listowel,Kerry
"51505 Littleton, Tipperary Division",51505,Littleton,Tipperary
"34208 Lixnaw, Kerry Division",34208,Lixnaw,Kerry
"24403 Longford, Roscommon/Longford Division",24403,Longford,Roscommon/Longford
"42404 Longwood, Meath Division",42404,Longwood,Meath
"51306 Lorrha, Tipperary Division",51306,Lorrha,Tipperary
"23504 Loughrea, Galway Division",23504,Loughrea,Galway
"22603 Louisburgh, Mayo Division",22603,Louisburgh,Mayo
"14104 Louth, Louth Division",14104,Louth,Louth
"66301 Lucan, D.M.R. Western Division",66301,Lucan,D.M.R. Western
"63103 Lusk, D.M.R. Northern Division",63103,Lusk,D.M.R. Northern
"33506 Macroom, Cork West Division",33506,Macroom,Cork West
"23607 Maigh Cuilinn, Galway Division",23607,Maigh Cuilinn,Galway
"63302 Malahide, D.M.R. Northern Division",63302,Malahide,D.M.R. Northern
"32306 Mallow, Cork North Division",32306,Mallow,Cork North
"13209 Manorhamilton, Sligo/Leitrim Division",13209,Manorhamilton,Sligo/Leitrim
"31407 Mayfield, Cork City Division",31407,Mayfield,Cork City
"45205 Maynooth, Kildare Division",45205,Maynooth,Kildare
"35205 Mayorstone Park, Limerick Division",35205,Mayorstone Park,Limerick
"32404 Midleton, Cork North Division",32404,Midleton,Cork North
"32307 Milford, Co Cork, Cork North Division",32307,Milford,"Co Cork, Cork North"
"12408 Milford, Co Donegal, Donegal Division",12408,Milford,"Co Donegal, Donegal"
"33406 Millstreet, Co. Cork, Cork West Division",33406,Millstreet,"Co. Cork, Cork West"
"23808 Milltown, Galway Division",23808,Milltown,Galway
"21212 Miltown Malbay, Clare Division",21212,Miltown Malbay,Clare
"32206 Mitchelstown, Cork North Division",32206,Mitchelstown,Cork North
"44106 Moate, Westmeath Division",44106,Moate,Westmeath
"13211 Mohill, Sligo/Leitrim Division",13211,Mohill,Sligo/Leitrim
"11504 Monaghan, Cavan/Monaghan Division",11504,Monaghan,Cavan/Monaghan
"45105 Monasterevin, Kildare Division",45105,Monasterevin,Kildare
"51402 Moneygall, Tipperary Division",51402,Moneygall,Tipperary
"23307 Monivea, Galway Division",23307,Monivea,Galway
"53309 Mooncoin, Kilkenny/Carlow Division",53309,Mooncoin,Kilkenny/Carlow
"23108 Mountbellew, Galway Division",23108,Mountbellew,Galway
"12106 Mountcharles, Donegal Division",12106,Mountcharles,Donegal
"62203 Mountjoy, D.M.R. North Central Division",62203,Mountjoy,D.M.R. North Central
"41209 Mountmellick, Laois/Offaly Division",41209,Mountmellick,Laois/Offaly
"41210 Mountrath, Laois/Offaly Division",41210,Mountrath,Laois/Offaly
"12207 Moville, Donegal Division",12207,Moville,Donegal
"23109 Moylough, Galway Division",23109,Moylough,Galway
"51403 Moyne, Tipperary Division",51403,Moyne,Tipperary
"12208 Muff, Donegal Division",12208,Muff,Donegal
"53106 Muine Bheag, Kilkenny/Carlow Division",53106,Muine Bheag,Kilkenny/Carlow
"11105 Mullagh, Cavan/Monaghan Division",11105,Mullagh,Cavan/Monaghan
"51206 Mullinahone, Tipperary Division",51206,Mullinahone,Tipperary
"53310 Mullinavat, Kilkenny/Carlow Division",53310,Mullinavat,Kilkenny/Carlow
"44208 Mullingar, Westmeath Division",44208,Mullingar,Westmeath
"44209 Multyfarnham, Westmeath Division",44209,Multyfarnham,Westmeath
"35110 Murroe, Limerick Division",35110,Murroe,Limerick
"53107 Myshall, Kilkenny/Carlow Division",53107,Myshall,Kilkenny/Carlow
"12107 Na Cealla Beaga, Donegal Division",12107,Na Cealla Beaga,Donegal
"12510 Na Gleannta, Donegal Division",12510,Na Gleannta,Donegal
"45305 Naas, Kildare Division",45305,Naas,Kildare
"42301 Navan, Meath Division",42301,Navan,Meath
"51307 Nenagh, Tipperary Division",51307,Nenagh,Tipperary
"52307 New Ross, Wexford Division",52307,New Ross,Wexford
"45106 Newbridge, Kildare Division",45106,Newbridge,Kildare
"35312 Newcastle West, Limerick Division",35312,Newcastle West,Limerick
"21106 Newmarket on Fergus, Clare Division",21106,Newmarket on Fergus,Clare
"33407 Newmarket, Cork North Division",33407,Newmarket,Cork North
"22605 Newport, Co Mayo, Mayo Division",22605,Newport,"Co Mayo, Mayo"
"51308 Newport, Co Tipperary, Tipperary Division",51308,Newport,"Co Tipperary, Tipperary"
"12308 Newtowncunningham, Donegal Division",12308,Newtowncunningham,Donegal
"43204 Newtownmountkennedy, Wicklow Division",43204,Newtownmountkennedy,Wicklow
"42302 Nobber, Meath Division",42302,Nobber,Meath
"42204 Oldcastle, Meath Division",42204,Oldcastle,Meath
"14306 Omeath, Louth Division",14306,Omeath,Louth
"35111 Oola, Limerick Division",35111,Oola,Limerick
"23608 Oughterard, Galway Division",23608,Oughterard,Galway
"52106 Oulart, Wexford Division",52106,Oulart,Wexford
"52107 Oylegate, Wexford Division",52107,Oylegate,Wexford
"35112 Pallasgreen, Limerick Division",35112,Pallasgreen,Limerick
"35313 Pallaskenry, Limerick Division",35313,Pallaskenry,Limerick
"22306 Partry, Mayo Division",22306,Partry,Mayo
"54303 Passage East, Waterford Division",54303,Passage East,Waterford
"31405 Passage West, Cork City Division",31405,Passage West,Cork City
"35403 Patrickswell, Limerick Division",35403,Patrickswell,Limerick
"61202 Pearse Street, D.M.R. South Central Division",61202,Pearse Street,D.M.R. South Central
"12108 Pettigo, Donegal Division",12108,Pettigo,Donegal
"53311 Piltown, Kilkenny/Carlow Division",53311,Piltown,Kilkenny/Carlow
"41211 Portarlington, Laois/Offaly Division",41211,Portarlington,Laois/Offaly
"41212 Portlaoise, Laois/Offaly Division",41212,Portlaoise,Laois/Offaly
"54205 Portlaw, Waterford Division",54205,Portlaw,Waterford
"34111 Portmagee, Kerry Division",34111,Portmagee,Kerry
"51309 Portroe, Tipperary Division",51309,Portroe,Tipperary
"23506 Portumna, Galway Division",23506,Portumna,Galway
"63403 Raheny, D.M.R. Northern Division",63403,Raheny,D.M.R. Northern
"12409 Ramelton, Donegal Division",12409,Ramelton,Donegal
"12309 Raphoe, Donegal Division",12309,Raphoe,Donegal
"45107 Rathangan, Kildare Division",45107,Rathangan,Kildare
"66203 Rathcoole, D.M.R. Western Division",66203,Rathcoole,D.M.R. Western
"32207 Rathcormac, Co Cork, Cork North Division",32207,Rathcormac,"Co Cork, Cork North"
"41213 Rathdowney, Laois/Offaly Division",41213,Rathdowney,Laois/Offaly
"43305 Rathdrum, Wicklow Division",43305,Rathdrum,Wicklow
"64201 Rathfarnham, D.M.R. Southern Division",64201,Rathfarnham,D.M.R. Southern
"54206 Rathgormack, Co Waterford, Waterford Division",54206,Rathgormack,"Co Waterford, Waterford"
"35314 Rathkeale, Limerick Division",35314,Rathkeale,Limerick
"64301 Rathmines, D.M.R. Southern Division",64301,Rathmines,D.M.R. Southern
"33408 Rathmore, Co Kerry, Cork West Division",33408,Rathmore,"Co Kerry, Cork West"
"12410 Rathmullen, Donegal Division",12410,Rathmullen,Donegal
"53108 Rathvilly, Kilkenny/Carlow Division",53108,Rathvilly,Kilkenny/Carlow
"41306 Rhode, Laois/Offaly Division",41306,Rhode,Laois/Offaly
"13108 Riverstown, Sligo/Leitrim Division",13108,Riverstown,Sligo/Leitrim
"45306 Robertstown, Kildare Division",45306,Robertstown,Kildare
"44211 Rochfortbridge, Westmeath Division",44211,Rochfortbridge,Westmeath
"11305 Rockcorry, Cavan/Monaghan Division",11305,Rockcorry,Cavan/Monaghan
"66302 Ronanstown, D.M.R. Western Division",66302,Ronanstown,D.M.R. Western
"24105 Roosky, Roscommon/Longford Division",24105,Roosky,Roscommon/Longford
"23609 Ros Muc, Galway Division",23609,Ros Muc,Galway
"24505 Roscommon, Roscommon/Longford Division",24505,Roscommon,Roscommon/Longford
"51404 Roscrea, Tipperary Division",51404,Roscrea,Tipperary
"33307 Rosscarbery, Cork West Division",33307,Rosscarbery,Cork West
"13305 Rosses Point, Sligo/Leitrim Division",13305,Rosses Point,Sligo/Leitrim
"52405 Rosslare Harbour, Wexford Division",52405,Rosslare Harbour,Wexford
"52406 Rosslare Strand, Wexford Division",52406,Rosslare Strand,Wexford
"43306 Roundwood, Wicklow Division",43306,Roundwood,Wicklow
"35404 Roxboro Road, Limerick Division",35404,Roxboro Road,Limerick
"63203 Santry, D.M.R. Northern Division",63203,Santry,D.M.R. Northern
"21108 Scariff, Clare Division",21108,Scariff,Clare
"33210 Schull, Cork West Division",33210,Schull,Cork West
"11506 Scotstown, Cavan/Monaghan Division",11506,Scotstown,Cavan/Monaghan
"65205 Shankill, D.M.R. Eastern Division",65205,Shankill,D.M.R. Eastern
"21109 Shannon, Clare Division",21109,Shannon,Clare
"11106 Shercock, Cavan/Monaghan Division",11106,Shercock,Cavan/Monaghan
"51405 Shevry, Tipperary Division",51405,Shevry,Tipperary
"43107 Shillelagh, Wicklow Division",43107,Shillelagh,Wicklow
"41108 Shinrone, Laois/Offaly Division",41108,Shinrone,Laois/Offaly
"22408 Shrule, Mayo Division",22408,Shrule,Mayo
"21110 Sixmilebridge, Clare Division",21110,Sixmilebridge,Clare
"63105 Skerries, D.M.R. Northern Division",63105,Skerries,D.M.R. Northern
"33308 Skibbereen, Cork West Division",33308,Skibbereen,Cork West
"13306 Skreen, Sligo/Leitrim Division",13306,Skreen,Sligo/Leitrim
"42303 Slane, Meath Division",42303,Slane,Meath
"13307 Sligo, Sligo/Leitrim Division",13307,Sligo,Sligo/Leitrim
"24306 Smear, Roscommon/Longford Division",24306,Smear,Roscommon/Longford
"34112 Sneem, Kerry Division",34112,Sneem,Kerry
"23207 Sraith Salach, Galway Division",23207,Sraith Salach,Galway
"53312 Stoneyford, Kilkenny/Carlow Division",53312,Stoneyford,Kilkenny/Carlow
"62301 Store Street, D.M.R. North Central Division",62301,Store Street,D.M.R. North Central
"41214 Stradbally Co Laois, Laois/Offaly Division",41214,Stradbally Co Laois,Laois/Offaly
"24106 Strokestown, Roscommon/Longford Division",24106,Strokestown,Roscommon/Longford
"33507 Stuake, Cork West Division",33507,Stuake,Cork West
"42405 Summerhill, Meath Division",42405,Summerhill,Meath
"64102 Sundrive Road, D.M.R. Southern Division",64102,Sundrive Road,D.M.R. Southern
"11207 Swanlinbar, Cavan/Monaghan Division",11207,Swanlinbar,Cavan/Monaghan
"22506 Swinford, Mayo Division",22506,Swinford,Mayo
"63303 Swords, D.M.R. Northern Division",63303,Swords,D.M.R. Northern
"52407 Taghmon, Wexford Division",52407,Taghmon,Wexford
"64202 Tallaght, D.M.R. Southern Division",64202,Tallaght,D.M.R. Southern
"54109 Tallow, Waterford Division",54109,Tallow,Waterford
"34210 Tarbert, Kerry Division",34210,Tarbert,Kerry
"33508 Tarelton, Cork West Division",33508,Tarelton,Cork West
"24506 Taughmaconnell, Roscommon/Longford Division",24506,Taughmaconnell,Roscommon/Longford
"51406 Templederry, Tipperary Division",51406,Templederry,Tipperary
"51407 Templemore, Tipperary Division",51407,Templemore,Tipperary
"51408 Templetuohy, Tipperary Division",51408,Templetuohy,Tipperary
"64302 Terenure, D.M.R. Southern Division",64302,Terenure,D.M.R. Southern
"53313 Thomastown, Kilkenny/Carlow Division",53313,Thomastown,Kilkenny/Carlow
"51506 Thurles, Tipperary Division",51506,Thurles,Tipperary
"33109 Timoleague, Cork West Division",33109,Timoleague,Cork West
"43108 Tinahely, Wicklow Division",43108,Tinahely,Wicklow
"51606 Tipperary, Tipperary Division",51606,Tipperary,Tipperary
"31406 Togher, Cork City Division",31406,Togher,Cork City
"51312 Toomevara, Tipperary Division",51312,Toomevara,Tipperary
"34313 Tralee, Kerry Division",34313,Tralee,Kerry
"54208 Tramore, Waterford Division",54208,Tramore,Waterford
"42406 Trim, Meath Division",42406,Trim,Meath
"23809 Tuam, Galway Division",23809,Tuam,Galway
"13109 Tubbercurry, Sligo/Leitrim Division",13109,Tubbercurry,Sligo/Leitrim
"21111 Tulla, Clare Division",21111,Tulla,Clare
"41307 Tullamore, Laois/Offaly Division",41307,Tullamore,Laois/Offaly
"53109 Tullow, Kilkenny/Carlow Division",53109,Tullow,Kilkenny/Carlow
"24207 Tulsk, Roscommon/Longford Division",24207,Tulsk,Roscommon/Longford
"53207 Urlingford, Kilkenny/Carlow Division",53207,Urlingford,Kilkenny/Carlow
"11108 Virginia, Cavan/Monaghan Division",11108,Virginia,Cavan/Monaghan
"31304 Watercourse Road, Cork City Division",31304,Watercourse Road,Cork City
"54304 Waterford, Waterford Division",54304,Waterford,Waterford
"32106 Watergrasshill, Cork North Division",32106,Watergrasshill,Cork North
"22606 Westport, Mayo Division",22606,Westport,Mayo
"52408 Wexford, Wexford Division",52408,Wexford,Wexford
"32405 Whitegate, Cork North Division",32405,Whitegate,Cork North
"43307 Wicklow, Wicklow Division",43307,Wicklow,Wicklow
"23810 Williamstown, Galway Division",23810,Williamstown,Galway
"23508 Woodford, Galway Division",23508,Woodford,Galway
"32406 Youghal, Cork North Division",32406,Youghal,Cork North
